url,Business Name,Phone Number,Website,Address,License Number,Followers,Socials,Emails
https://www.houzz.com/professionals/interior-designers-and-decorators/jg-interiors-pfvwus-pf~1862275480,jg interiors,(402) 658-1113,jennygilbreath.houzz.com/,"Omaha, NebraskaUnited States",NE001--011623799,256 Followers,Find me on FacebookFind me on my blog or other site,
https://www.houzz.com/professionals/interior-designers-and-decorators/the-iconic-space-pfvwus-pf~436942846,The Iconic Space,(402) 730-6837,www.theiconicspace.com,"Omaha, Nebraska 68102United States",,45 Followers,,
https://www.houzz.com/professionals/interior-designers-and-decorators/interiors-by-eric-james-interior-design-omaha-pfvwus-pf~1921235074,Interiors by Eric James - Interior Design Omaha,(402) 850-3999,interiorsbyericjames.com,"Omaha, Nebraska 68135United States",,114 Followers,Find me on FacebookFind me on TwitterFind me on my blog or other site,
https://www.houzz.com/professionals/interior-designers-and-decorators/trish-barmettler-designs-pfvwus-pf~1224881811,Trish Barmettler Designs,(402) 676-5144,trishbdesigns.com,"9757 South 140th Street Suite 9 (Inside Floor Source)Omaha, Nebraska 68138United States",,89 Followers,Find me on my blog or other site,
https://www.houzz.com/professionals/interior-designers-and-decorators/c-and-t-design-company-pfvwus-pf~127046556,C & T Design Company,(712) 249-6324,ctdesigncompany.houzz.com,"Omaha, Nebraska 68130United States",In process,46 Followers,Find me on FacebookFind me on my blog or other site,
https://www.houzz.com/professionals/interior-designers-and-decorators/something-special-interiors-inc-pfvwus-pf~344050493,"Something Special Interiors, Inc.",(402) 592-2098,somethingspecialinteriorsinc.com,"910 Mackensey DrivePapillion, Nebraska 68046United States",,82 Followers,Find me on FacebookFind me on my blog or other site,"592-2098somethingspecialinc@cox.net,somethingspecialinc@cox.net"
https://www.houzz.com/professionals/interior-designers-and-decorators/inspired-interiors-pfvwus-pf~1543630893,Inspired Interiors,(402) 630-5953,sallie0418.houzz.com,"17429 Valley Dr.Omaha, Nebraska 68130United States",,478 Followers,Find me on FacebookFind me on TwitterFind me on Linkedin,
https://www.houzz.com/professionals/interior-designers-and-decorators/lk-design-pfvwus-pf~1828947189,LK Design,(402) 934-8088,www.lkdesign.biz,"9323 Oak StOmaha, Nebraska 68124United States",,294 Followers,Find me on FacebookFind me on my blog or other site,contact@lkdesign.biz
https://www.houzz.com/professionals/interior-designers-and-decorators/apropos-design-pfvwus-pf~1922215890,Apropos Design,(402) 256-6460,www.aproposdesign.co,"Omaha, Nebraska 68136United States",ASID 1938581,44 Followers,Find me on FacebookFind me on LinkedinFind me on my blog or other site,"hello@aproposdesign.co,402.203.6824hello@aproposdesign.co"
https://www.houzz.com/professionals/interior-designers-and-decorators/monical-design-pfvwus-pf~847344418,Monical Design,(402) 660-7703,www.monicaldesign.com,"Papillion, Nebraska 68046United States",,180 Followers,Find me on FacebookFind me on LinkedinFind me on my blog or other site,
https://www.houzz.com/professionals/interior-designers-and-decorators/artistico-pfvwus-pf~1862342552,Artistico,(402) 650-6526,www.artisticodesign.net,"19858 Davenport St.Omaha, Nebraska 68022United States",,315 Followers,,
https://www.houzz.com/professionals/interior-designers-and-decorators/kimberly-cahoy-design-pfvwus-pf~662827540,Kimberly Cahoy Design,(402) 915-3566,www.kcahoydesign.com,"20330 Veterans DriveSuite #1Elkhorn, Nebraska 68022United States",51869-20,59 Followers,Find me on LinkedinFind me on my blog or other site,"info@kcahoydesign.com,915-3566info@kcahoydesign.com"
https://www.houzz.com/professionals/interior-designers-and-decorators/decor-and-you-omaha-pfvwus-pf~1325507412,Decor & You - Omaha,(402) 203-9052,teamboesen.decorandyou.com/,"10219 Washington DrOmaha, Nebraska 68127United States",,109 Followers,,
https://www.houzz.com/professionals/interior-designers-and-decorators/absolute-design-interiors-pfvwus-pf~1224796467,Absolute Design Interiors,(402) 491-0426,www.absolutedi.com,"15720 W Center RdOmaha, Nebraska 68130United States",,76 Followers,Find me on FacebookFind me on LinkedinFind me on my blog or other site,
https://www.houzz.com/professionals/interior-designers-and-decorators/the-modern-hive-pfvwus-pf~151207487,The Modern Hive,(402) 981-3758,www.themodern-hive.com,".Omaha, Nebraska 68106United States",,350 Followers,Find me on FacebookFind me on TwitterFind me on LinkedinFind me on my blog or other site,courtney@themodern-hive.com
https://www.houzz.com/professionals/interior-designers-and-decorators/designer-s-touch-pfvwus-pf~2013340075,Designer's Touch,(402) 932-5040,www.designerstouchomaha.com,"Omaha, Nebraska 68164United States",,150 Followers,Find me on Facebook,
https://www.houzz.com/professionals/interior-designers-and-decorators/furnishing-touches-by-christine-pfvwus-pf~1577152388,Furnishing Touches by Christine,(402) 681-7924,www.furnishingtouches.com,"5616 N 162nd StOmaha, Nebraska 68116United States",01-8774560,7 Followers,Find me on FacebookFind me on Linkedin,
https://www.houzz.com/professionals/interior-decorators/amethyst-home-pfvwus-pf~1864626572,Amethyst Home,(844) 668-3868,www.amethysthome.com,"8712 Countryside PlzOmaha, Nebraska 68114United States",,34 Followers,Find me on FacebookFind me on my blog or other site,668-3868concierge@amethysthome.com
https://www.houzz.com/professionals/interior-designers-and-decorators/erica-bryant-design-pfvwus-pf~974018558,Erica Bryant Design,(402) 871-5359,,"146 S. 126th Ave.Omaha, Nebraska 68154United States",,15 Followers,Find me on FacebookFind me on my blog or other site,
https://www.houzz.com/professionals/interior-designers-and-decorators/pam-stanek-asid-the-interior-design-firm-pfvwus-pf~814152455,"Pam Stanek, ASID - The Interior Design Firm",(402) 334-8800,www.idfomaha.com,"705 N. 114th StreetOmaha, Nebraska 68154United States",,30 Followers,,
https://www.houzz.com/professionals/interior-designers-and-decorators/pam-carroll-planning-and-design-pfvwus-pf~2080831285,Pam Carroll Planning & Design,(402) 397-5186,,"1337 S. 101st Street, Suite 108Omaha, Nebraska 68124United States",,44 Followers,,
https://www.houzz.com/professionals/interior-designers-and-decorators/aaron-carlson-design-pfvwus-pf~1577451012,Aaron Carlson Design,(402) 758-2777,www.aaroncarlsondesign.com,"Omaha, Nebraska 68114United States",,78 Followers,Find me on FacebookFind me on my blog or other site,
https://www.houzz.com/professionals/interior-designers-and-decorators/maison-mxm-pfvwus-pf~1044368392,Maison MxM,(402) 306-8088,studioeckstrom.com,"10085 Fieldcrest DriveOmaha, Nebraska 68114United States",,0 Followers,,
https://www.houzz.com/professionals/interior-designers-and-decorators/interiors-joan-and-associates-pfvwus-pf~1224923235,Interiors Joan and Associates,(402) 330-0685,www.interiorsbyjoan.com,"13130 West Dodge RoadOmaha, Nebraska 68154United States",,634 Followers,,
https://www.houzz.com/professionals/interior-designers-and-decorators/julia-russell-designs-pfvwus-pf~880822837,Julia Russell Designs,(402) 891-0691,www.juliarusselldesigns.com,"Omaha, Nebraska 68114United States",,38 Followers,Find me on FacebookFind me on my blog or other site,
https://www.houzz.com/professionals/interior-designers-and-decorators/becky-jackson-asid-leed-ap-pfvwus-pf~629544673,Becky Jackson ASID LEED AP,(402) 676-3580,www.beckyjacksoninteriors.net,"705 N. 114th StreetOmaha, Nebraska 68154United States",,40 Followers,Find me on FacebookFind me on Linkedin,
https://www.houzz.com/professionals/interior-designers-and-decorators/d-lux-interiors-pfvwus-pf~92373305,D-Lux Interiors,(402) 496-3233,diane_luxford.houzz.com,"11547 Ruggles Cir.Omaha, Nebraska 68164United States",ASID 027328,139 Followers,,
https://www.houzz.com/professionals/interior-designers-and-decorators/jh-interior-design-studio-pfvwus-pf~881432941,jh Interior Design Studio,(402) 934-3474,www.juliehockney.com,"721 N 98th StreetOmaha, Nebraska 68114United States",,42 Followers,Find me on FacebookFind me on my blog or other site,
